ID,Group_,MGRS,GARS,GEOREF,USNG,UTM
1,1,10SFF1635951085,117LP44,DJPG1805535890,10S FF 16359 51085,10S 616359 4051085
2,1,10SFF1634251053,117LP44,DJPG1804335873,10S FF 16342 51053,10S 616342 4051052
3,1,10SFF1629650969,117LP44,DJPG1801135828,10S FF 16296 50969,10S 616295 4050968
4,1,10SFF1627550935,117LP44,DJPG1799735810,10S FF 16275 50935,10S 616274 4050934
5,1,10SFF1625250903,117LP44,DJPG1798135792,10S FF 16252 50903,10S 616251 4050902
6,1,10SFF1622750871,117LP44,DJPG1796435776,10S FF 16227 50871,10S 616227 4050871
7,1,10SFF1618750826,117LP44,DJPG1793735751,10S FF 16187 50826,10S 616186 4050825
8,1,10SFF1614450784,117LP44,DJPG1790735729,10S FF 16144 50784,10S 616143 4050784
9,1,10SFF1598050654,117LP44,DJPG1779735660,10S FF 15980 50654,10S 615980 4050654
10,1,10SFF1593350620,117LP44,DJPG1776535642,10S FF 15933 50620,10S 615933 4050619
11,1,10SFF1588050574,117LP44,DJPG1772935617,10S FF 15880 50574,10S 615880 4050574
12,1,10SFF1585750552,117LP44,DJPG1771335605,10S FF 15857 50552,10S 615856 4050551
13,1,10SFF1581750509,117LP44,DJPG1768635583,10S FF 15817 50509,10S 615817 4050509
14,1,10SFF1566250352,117LP44,DJPG1758135499,10S FF 15662 50352,10S 615662 4050351
15,1,10SFF1548150169,117LP44,DJPG1745835401,10S FF 15481 50169,10S 615481 4050169
16,1,10SFF1534250031,117LP44,DJPG1736335327,10S FF 15342 50031,10S 615342 4050030
17,1,10SFF1532850015,117LP44,DJPG1735335319,10S FF 15328 50015,10S 615327 4050015
18,1,10SFF1530849991,117LP44,DJPG1734035306,10S FF 15308 49991,10S 615307 4049990
19,1,10SFF1529649973,117LP44,DJPG1733235297,10S FF 15296 49973,10S 615295 4049973
20,1,10SFF1527949946,117LP44,DJPG1732035282,10S FF 15279 49946,10S 615278 4049946
21,1,10SFF1526949928,117LP44,DJPG1731335272,10S FF 15269 49928,10S 615268 4049927
22,1,10SFF1525149889,117LP44,DJPG1730135252,10S FF 15251 49889,10S 615251 4049889
23,1,10SFF1524149860,117LP44,DJPG1729435236,10S FF 15241 49860,10S 615240 4049859
24,1,10SFF1522649811,117LP44,DJPG1728335209,10S FF 15226 49811,10S 615225 4049811
25,1,10SFF1521749779,117LP44,DJPG1727735192,10S FF 15217 49779,10S 615216 4049778
26,1,10SFF1520549729,117LP44,DJPG1726935165,10S FF 15205 49729,10S 615205 4049729
27,1,10SFF1519649680,117LP44,DJPG1726235139,10S FF 15196 49680,10S 615195 4049679
28,1,10SFF1518849650,117LP44,DJPG1725635122,10S FF 15188 49650,10S 615188 4049649
29,1,10SFF1517449611,117LP44,DJPG1724735101,10S FF 15174 49611,10S 615173 4049610
30,1,10SFF1515649573,117LP44,DJPG1723435081,10S FF 15156 49573,10S 615156 4049572
31,1,10SFF1514149546,117LP44,DJPG1722435067,10S FF 15141 49546,10S 615140 4049546
32,1,10SFF1511749512,117LP44,DJPG1720735049,10S FF 15117 49512,10S 615116 4049512
33,1,10SFF1508649476,117LP44,DJPG1718635029,10S FF 15086 49476,10S 615085 4049475
34,1,10SFF1506949459,117LP44,DJPG1717535020,10S FF 15069 49459,10S 615068 4049458
35,1,10SFF1504249434,117LP44,DJPG1715735007,10S FF 15042 49434,10S 615042 4049434
36,1,10SFF1502449419,117LP47,DJPG1714434999,10S FF 15024 49419,10S 615023 4049418
37,1,10SFF1499549398,117LP47,DJPG1712534988,10S FF 14995 49398,10S 614994 4049397
38,1,10SFF1498349390,117LP47,DJPG1711734984,10S FF 14983 49390,10S 614982 4049390
39,1,10SFF1495449372,117LP47,DJPG1709734974,10S FF 14954 49372,10S 614954 4049372
40,1,10SFF1485249303,117LP47,DJPG1702834937,10S FF 14852 49303,10S 614852 4049302
41,1,10SFF1479249261,117LP47,DJPG1698734915,10S FF 14792 49261,10S 614791 4049260
42,1,10SFF1474349227,117LP47,DJPG1695434897,10S FF 14743 49227,10S 614743 4049226
43,1,10SFF1471349206,117LP47,DJPG1693434886,10S FF 14713 49206,10S 614712 4049205
44,1,10SFF1466949175,117LP47,DJPG1690434870,10S FF 14669 49175,10S 614668 4049175
45,1,10SFF1459949126,117LP47,DJPG1685734843,10S FF 14599 49126,10S 614599 4049125
46,1,10SFF1447149033,117LP47,DJPG1677034794,10S FF 14471 49033,10S 614470 4049033
47,1,10SFF1444949018,117LP47,DJPG1675534786,10S FF 14449 49018,10S 614449 4049017
48,1,10SFF1441948998,117LP47,DJPG1673534776,10S FF 14419 48998,10S 614419 4048998
49,1,10SFF1438748981,117LP47,DJPG1671434767,10S FF 14387 48981,10S 614387 4048981
50,1,10SFF1435548966,117LP47,DJPG1669234759,10S FF 14355 48966,10S 614355 4048966
51,1,10SFF1433248957,117LP47,DJPG1667734754,10S FF 14332 48957,10S 614332 4048957
52,1,10SFF1428248940,117LP47,DJPG1664234745,10S FF 14282 48940,10S 614281 4048939
53,1,10SFF1422848925,117LP47,DJPG1660634738,10S FF 14228 48925,10S 614227 4048925
54,1,10SFF1418748917,117LP47,DJPG1657834733,10S FF 14187 48917,10S 614186 4048916
55,1,10SFF1413248909,117LP47,DJPG1654134730,10S FF 14132 48909,10S 614131 4048909
56,1,10SFF1407748900,117LP47,DJPG1650534725,10S FF 14077 48900,10S 614076 4048900
57,1,10SFF1387848869,117LP47,DJPG1637134710,10S FF 13878 48869,10S 613877 4048868
58,1,10SFF1378148864,117LP47,DJPG1630634708,10S FF 13781 48864,10S 613781 4048863
59,1,10SFF1373948854,117LP47,DJPG1627834703,10S FF 13739 48854,10S 613739 4048854
60,1,10SFF1370948845,117LP47,DJPG1625734698,10S FF 13709 48845,10S 613708 4048844
61,1,10SFF1368148834,117LP47,DJPG1623934692,10S FF 13681 48834,10S 613680 4048833
62,1,10SFF1365848820,117LP47,DJPG1622334685,10S FF 13658 48820,10S 613658 4048820
63,1,10SFF1363848804,117LP47,DJPG1620934676,10S FF 13638 48804,10S 613637 4048804
64,1,10SFF1360948784,117LP47,DJPG1619034666,10S FF 13609 48784,10S 613608 4048784
65,1,10SFF1330248533,117LP47,DJPG1598234532,10S FF 13302 48533,10S 613301 4048532
66,1,10SFF1329648529,117LP47,DJPG1597834530,10S FF 13296 48529,10S 613296 4048528
67,1,10SFF1325448494,117LP47,DJPG1594934511,10S FF 13254 48494,10S 613253 4048493
68,1,10SFF1317548430,117LP47,DJPG1589634477,10S FF 13175 48430,10S 613175 4048429
69,1,10SFF1311948387,117LP47,DJPG1585834455,10S FF 13119 48387,10S 613119 4048387
70,1,10SFF1307248355,117LP47,DJPG1582634437,10S FF 13072 48355,10S 613071 4048354
71,1,10SFF1302348324,117LP47,DJPG1579334421,10S FF 13023 48324,10S 613022 4048324
72,1,10SFF1299048305,117LP47,DJPG1577134411,10S FF 12990 48305,10S 612989 4048304
73,1,10SFF1293948278,117LP47,DJPG1573634397,10S FF 12939 48278,10S 612939 4048277
74,1,10SFF1289048254,117LP47,DJPG1570334384,10S FF 12890 48254,10S 612890 4048254
75,1,10SFF1284048232,117LP47,DJPG1566934373,10S FF 12840 48232,10S 612840 4048232
76,1,10SFF1278948213,117LP47,DJPG1563534363,10S FF 12789 48213,10S 612789 4048212
77,1,10SFF1274448197,117LP47,DJPG1560434354,10S FF 12744 48197,10S 612743 4048196
78,1,10SFF1273848195,117LP47,DJPG1560134353,10S FF 12738 48195,10S 612737 4048195
79,1,10SFF1210648006,117LP47,DJPG1517634255,10S FF 12106 48006,10S 612106 4048005
80,1,10SFF1184447927,117LP39,DJPG1499934215,10S FF 11844 47927,10S 611844 4047927
81,1,10SFF1164347867,117LP39,DJPG1486434184,10S FF 11643 47867,10S 611643 4047866
82,1,10SFF1160847858,117LP39,DJPG1484034179,10S FF 11608 47858,10S 611607 4047857
83,1,10SFF1158447853,117LP39,DJPG1482434177,10S FF 11584 47853,10S 611583 4047853
84,1,10SFF1154847848,117LP39,DJPG1480034174,10S FF 11548 47848,10S 611547 4047848
85,1,10SFF1151147845,117LP39,DJPG1477534173,10S FF 11511 47845,10S 611511 4047845
86,1,10SFF1147547844,117LP39,DJPG1475134173,10S FF 11475 47844,10S 611474 4047844
87,1,10SFF1142447846,117LP39,DJPG1471734174,10S FF 11424 47846,10S 611424 4047845
88,1,10SFF1142047846,117LP39,DJPG1471434174,10S FF 11420 47846,10S 611420 4047846
89,1,10SFF1134547858,117LP39,DJPG1466434181,10S FF 11345 47858,10S 611344 4047857
90,1,10SFF1108047904,117LP39,DJPG1448734208,10S FF 11080 47904,10S 611080 4047903
91,1,10SFF1101747915,117LP39,DJPG1444534214,10S FF 11017 47915,10S 611017 4047914
92,1,10SFF1098347919,117LP39,DJPG1442234217,10S FF 10983 47919,10S 610983 4047919
93,1,10SFF1092647924,117LP39,DJPG1438434219,10S FF 10926 47924,10S 610926 4047923
94,1,10SFF1091547925,117LP39,DJPG1437634220,10S FF 10915 47925,10S 610914 4047924
95,1,10SFF1078447931,117LP39,DJPG1428934224,10S FF 10784 47931,10S 610784 4047931
96,1,10SFF1042147952,117LP39,DJPG1404534238,10S FF 10421 47952,10S 610420 4047951
97,1,10SFF1013147968,117LP39,DJPG1385134249,10S FF 10131 47968,10S 610131 4047968
98,1,10SFF1010047968,117LP39,DJPG1383034249,10S FF 10100 47968,10S 610099 4047968
99,1,10SFF1006847966,117LP39,DJPG1380934248,10S FF 10068 47966,10S 610068 4047966
100,1,10SFF1004847964,117LP39,DJPG1379534247,10S FF 10048 47964,10S 610047 4047964
101,1,10SFF1001747958,117LP39,DJPG1377434244,10S FF 10017 47958,10S 610016 4047958
102,1,10SFF0999647954,117LP39,DJPG1376034242,10S FF 09996 47954,10S 609996 4047953
103,1,10SFF0996647945,117LP39,DJPG1374034237,10S FF 09966 47945,10S 609966 4047944
104,1,10SFF0992747930,117LP39,DJPG1371434229,10S FF 09927 47930,10S 609927 4047929
105,1,10SFF0988947911,117LP39,DJPG1368834220,10S FF 09889 47911,10S 609889 4047910
106,1,10SFF0986347895,117LP39,DJPG1367034211,10S FF 09863 47895,10S 609862 4047894
107,1,10SFF0982947870,117LP39,DJPG1364734198,10S FF 09829 47870,10S 609828 4047870
108,1,10SFF0980547850,117LP39,DJPG1363134187,10S FF 09805 47850,10S 609804 4047849
109,1,10SFF0968147733,117LP39,DJPG1354734125,10S FF 09681 47733,10S 609680 4047732
110,1,10SFF0965847713,117LP39,DJPG1353134114,10S FF 09658 47713,10S 609657 4047713
111,1,10SFF0963447695,117LP39,DJPG1351534105,10S FF 09634 47695,10S 609633 4047695
112,1,10SFF0960847679,117LP39,DJPG1349834096,10S FF 09608 47679,10S 609607 4047679
113,1,10SFF0958247665,117LP39,DJPG1348034089,10S FF 09582 47665,10S 609581 4047664
114,1,10SFF0955447652,117LP39,DJPG1346134082,10S FF 09554 47652,10S 609553 4047652
115,1,10SFF0952647642,117LP39,DJPG1344234077,10S FF 09526 47642,10S 609525 4047641
116,1,10SFF0949647634,117LP39,DJPG1342334072,10S FF 09496 47634,10S 609496 4047633
117,1,10SFF0946747627,117LP39,DJPG1340334069,10S FF 09467 47627,10S 609467 4047627
118,1,10SFF0929547604,117LP39,DJPG1328834058,10S FF 09295 47604,10S 609295 4047603
119,1,10SFF0911547579,117LP39,DJPG1316734045,10S FF 09115 47579,10S 609115 4047579
120,1,10SFF0909547578,117LP39,DJPG1315334045,10S FF 09095 47578,10S 609094 4047577
121,1,10SFF0906447577,117LP39,DJPG1313234045,10S FF 09064 47577,10S 609064 4047577
122,1,10SFF0902447580,117LP39,DJPG1310534047,10S FF 09024 47580,10S 609023 4047580
123,1,10SFF0899347585,117LP39,DJPG1308534050,10S FF 08993 47585,10S 608993 4047585
124,1,10SFF0897347589,117LP39,DJPG1307234052,10S FF 08973 47589,10S 608973 4047589
125,1,10SFF0893447601,117LP39,DJPG1304534059,10S FF 08934 47601,10S 608934 4047600
126,1,10SFF0891547609,117LP39,DJPG1303234063,10S FF 08915 47609,10S 608914 4047608
127,1,10SFF0888647622,117LP39,DJPG1301334070,10S FF 08886 47622,10S 608885 4047621
128,1,10SFF0885847637,117LP39,DJPG1299534078,10S FF 08858 47637,10S 608857 4047636
129,1,10SFF0872747716,117LP39,DJPG1290734122,10S FF 08727 47716,10S 608726 4047715
130,1,10SFF0857047812,117LP39,DJPG1280334175,10S FF 08570 47812,10S 608570 4047812
131,1,10SFF0854247827,117LP39,DJPG1278434184,10S FF 08542 47827,10S 608541 4047827
132,1,10SFF0850247844,117LP39,DJPG1275834193,10S FF 08502 47844,10S 608502 4047843
133,1,10SFF0847247854,117LP39,DJPG1273834198,10S FF 08472 47854,10S 608471 4047853
134,1,10SFF0844147862,117LP39,DJPG1271734203,10S FF 08441 47862,10S 608440 4047862
135,1,10SFF0842047866,117LP39,DJPG1270334205,10S FF 08420 47866,10S 608420 4047865
136,1,10SFF0838947870,117LP39,DJPG1268234208,10S FF 08389 47870,10S 608388 4047870
137,1,10SFF0835747872,117LP39,DJPG1266134209,10S FF 08357 47872,10S 608357 4047871
138,1,10SFF0832647872,117LP39,DJPG1264034209,10S FF 08326 47872,10S 608326 4047871
139,1,10SFF0830547870,117LP39,DJPG1262634209,10S FF 08305 47870,10S 608304 4047870
140,1,10SFF0827447867,117LP39,DJPG1260534207,10S FF 08274 47867,10S 608273 4047866
141,1,10SFF0825347863,117LP39,DJPG1259134205,10S FF 08253 47863,10S 608252 4047863
142,1,10SFF0822247856,117LP39,DJPG1257034201,10S FF 08222 47856,10S 608222 4047855
143,1,10SFF0796447773,117LP39,DJPG1239634158,10S FF 07964 47773,10S 607963 4047772
144,1,10SFF0792847764,117LP39,DJPG1237234154,10S FF 07928 47764,10S 607927 4047763
145,1,10SFF0789147757,117LP39,DJPG1234734150,10S FF 07891 47757,10S 607891 4047757
146,1,10SFF0786747754,117LP39,DJPG1233134149,10S FF 07867 47754,10S 607866 4047753
147,1,10SFF0781747751,117LP39,DJPG1229834147,10S FF 07817 47751,10S 607817 4047750
148,1,10SFF0778147750,117LP39,DJPG1227434147,10S FF 07781 47750,10S 607781 4047750
149,1,10SFF0775747751,117LP39,DJPG1225834148,10S FF 07757 47751,10S 607757 4047751
150,1,10SFF0770947756,117LP39,DJPG1222634151,10S FF 07709 47756,10S 607709 4047755
151,1,10SFF0767447762,117LP39,DJPG1220234154,10S FF 07674 47762,10S 607673 4047761
152,1,10SFF0761047777,117LP39,DJPG1215934163,10S FF 07610 47777,10S 607609 4047776
153,1,10SFF0759047781,117LP39,DJPG1214634165,10S FF 07590 47781,10S 607590 4047781
154,1,10SFF0720747868,117LP39,DJPG1189034215,10S FF 07207 47868,10S 607206 4047867
155,1,10SFF0662748000,117LP39,DJPG1150234290,10S FF 06627 48000,10S 606626 4048000
156,1,10SFF0627048100,117LP39,DJPG1126434347,10S FF 06270 48100,10S 606270 4048100
157,1,10SFF0619348117,117LP39,DJPG1121234356,10S FF 06193 48117,10S 606193 4048116
158,1,10SFF0611148125,117LP39,DJPG1115734361,10S FF 06111 48125,10S 606111 4048125
159,1,10SFF0582448146,117LP39,DJPG1096534374,10S FF 05824 48146,10S 605823 4048145
160,1,10SFF0577448153,117LP39,DJPG1093134379,10S FF 05774 48153,10S 605774 4048153
161,1,10SFF0571448171,117LP39,DJPG1089134388,10S FF 05714 48171,10S 605714 4048170
162,1,10SFF0564448197,117LP39,DJPG1084534403,10S FF 05644 48197,10S 605643 4048197
163,1,10SFF0556848239,117LP39,DJPG1079434426,10S FF 05568 48239,10S 605568 4048238
164,1,10SFF0549748285,117LP39,DJPG1074734452,10S FF 05497 48285,10S 605497 4048285
165,1,10SFF0540048375,117LP39,DJPG1068234501,10S FF 05400 48375,10S 605399 4048374
166,1,10SFF0526848499,117LP39,DJPG1059534569,10S FF 05268 48499,10S 605267 4048499
167,1,10SFF0522948539,117LP39,DJPG1056934591,10S FF 05229 48539,10S 605228 4048538
168,1,10SFF0519148576,117LP39,DJPG1054434611,10S FF 05191 48576,10S 605191 4048575
169,1,10SFF0516748605,117LP39,DJPG1052834627,10S FF 05167 48605,10S 605166 4048605
170,1,10SFF0510848689,117LP39,DJPG1048934673,10S FF 05108 48689,10S 605107 4048689
171,1,10SFF0501248843,117LP39,DJPG1042634757,10S FF 05012 48843,10S 605012 4048843
172,1,10SFF0498348891,117LP39,DJPG1040734783,10S FF 04983 48891,10S 604983 4048890
173,1,10SFF0493948948,117LP39,DJPG1037834814,10S FF 04939 48948,10S 604938 4048947
174,1,10SFF0488948993,117LP39,DJPG1034534839,10S FF 04889 48993,10S 604888 4048992
175,1,10SFF0485449019,117LP39,DJPG1032134853,10S FF 04854 49019,10S 604853 4049019
176,1,10SFF0475149077,117LP39,DJPG1025334885,10S FF 04751 49077,10S 604750 4049077
177,1,10SFF0471049093,117LP39,DJPG1022634894,10S FF 04710 49093,10S 604710 4049092
178,1,10SFF0463049113,117LP39,DJPG1017234905,10S FF 04630 49113,10S 604629 4049113
179,1,10SFF0457649119,117LP39,DJPG1013634909,10S FF 04576 49119,10S 604576 4049119
180,1,10SFF0451449119,117LP39,DJPG1009534909,10S FF 04514 49119,10S 604514 4049118
181,1,10SFF0446249112,117LP39,DJPG1006034906,10S FF 04462 49112,10S 604462 4049112
182,1,10SFF0441749100,117LP39,DJPG1002934900,10S FF 04417 49100,10S 604417 4049100
183,1,10SFF0437849090,117LP39,DJPG1000334895,10S FF 04378 49090,10S 604378 4049090
184,1,10SFF0431049065,117LP38,DJPG0995734881,10S FF 04310 49065,10S 604310 4049064
185,1,10SFF0420849030,117LP38,DJPG0988934863,10S FF 04208 49030,10S 604208 4049029
186,1,10SFF0415849018,117LP38,DJPG0985534857,10S FF 04158 49018,10S 604157 4049018
187,1,10SFF0406149007,117LP38,DJPG0979034851,10S FF 04061 49007,10S 604060 4049006
188,1,10SFF0396949005,117LP38,DJPG0972834851,10S FF 03969 49005,10S 603969 4049005
189,1,10SFF0387349015,117LP38,DJPG0966434857,10S FF 03873 49015,10S 603872 4049015
190,1,10SFF0376549045,117LP38,DJPG0959234874,10S FF 03765 49045,10S 603765 4049044
191,1,10SFF0303849321,117LP35,DJPG0910635028,10S FF 03038 49321,10S 603037 4049320
192,1,10SFF0297149336,117LP35,DJPG0906135037,10S FF 02971 49336,10S 602970 4049336
193,1,10SFF0292449339,117LP35,DJPG0903035039,10S FF 02924 49339,10S 602924 4049339
194,1,10SFF0289749340,117LP35,DJPG0901235039,10S FF 02897 49340,10S 602896 4049339
195,1,10SFF0285249337,117LP35,DJPG0898235038,10S FF 02852 49337,10S 602851 4049337
196,1,10SFF0265349296,117LP35,DJPG0884835017,10S FF 02653 49296,10S 602652 4049296
197,1,10SFF0259149284,117LP35,DJPG0880635011,10S FF 02591 49284,10S 602591 4049283
198,1,10SFF0251349274,117LP35,DJPG0875435006,10S FF 02513 49274,10S 602512 4049274
199,1,10SFF0243549273,117LP35,DJPG0870135006,10S FF 02435 49273,10S 602434 4049272
200,1,10SFF0240649275,117LP35,DJPG0868235007,10S FF 02406 49275,10S 602406 4049275
201,1,10SFF0234849281,117LP35,DJPG0864335011,10S FF 02348 49281,10S 602348 4049280
202,1,10SFF0230049290,117LP35,DJPG0861235016,10S FF 02300 49290,10S 602300 4049289
203,1,10SFF0227349295,117LP35,DJPG0859335019,10S FF 02273 49295,10S 602273 4049294
204,1,10SFF0221849314,117LP35,DJPG0855635029,10S FF 02218 49314,10S 602217 4049313
205,1,10SFF0216749339,117LP35,DJPG0852335043,10S FF 02167 49339,10S 602167 4049338
206,1,10SFF0211249370,117LP35,DJPG0848635060,10S FF 02112 49370,10S 602112 4049369
207,1,10SFF0198849438,117LP35,DJPG0840335098,10S FF 01988 49438,10S 601987 4049438
208,1,10SFF0193749463,117LP35,DJPG0836935112,10S FF 01937 49463,10S 601937 4049462
209,1,10SFF0180849512,117LP35,DJPG0828335139,10S FF 01808 49512,10S 601808 4049511
210,1,10SFF0178849519,117LP35,DJPG0827035143,10S FF 01788 49519,10S 601788 4049519
211,1,10SFF0176049532,117LP35,DJPG0825135150,10S FF 01760 49532,10S 601759 4049531
212,1,10SFF0172549547,117LP35,DJPG0822835159,10S FF 01725 49547,10S 601725 4049546
213,1,10SFF0170849556,117LP35,DJPG0821635164,10S FF 01708 49556,10S 601707 4049556
214,1,10SFF0168449569,117LP35,DJPG0820135171,10S FF 01684 49569,10S 601684 4049569
215,1,10SFF0166649581,117LP35,DJPG0818835178,10S FF 01666 49581,10S 601666 4049581
216,2,10SFF1002368001,117LP19,DJPG1395145083,10S FF 10023 68001,10S 610022 4068000
217,2,10SFF0997467907,117LP19,DJPG1391745032,10S FF 09974 67907,10S 609974 4067906
218,2,10SFF0996367889,117LP19,DJPG1391045022,10S FF 09963 67889,10S 609963 4067888
219,2,10SFF0991167801,117LP33,DJPG1387444976,10S FF 09911 67801,10S 609910 4067801
220,2,10SFF0974867518,117LP33,DJPG1376244824,10S FF 09748 67518,10S 609748 4067517
221,2,10SFF0968067404,117LP33,DJPG1371644762,10S FF 09680 67404,10S 609680 4067403
222,2,10SFF0967267389,117LP33,DJPG1371044755,10S FF 09672 67389,10S 609672 4067389
223,2,10SFF0965067348,117LP33,DJPG1369544732,10S FF 09650 67348,10S 609649 4067348
224,2,10SFF0959067242,117LP33,DJPG1365344675,10S FF 09590 67242,10S 609589 4067241
225,2,10SFF0951067105,117LP33,DJPG1359944602,10S FF 09510 67105,10S 609510 4067104
226,2,10SFF0940866927,117LP33,DJPG1352844506,10S FF 09408 66927,10S 609407 4066927
227,2,10SFF0928866715,117LP33,DJPG1344644393,10S FF 09288 66715,10S 609288 4066715
228,2,10SFF0922766610,117LP33,DJPG1340444336,10S FF 09227 66610,10S 609227 4066609
229,2,10SFF0910866399,117LP33,DJPG1332244223,10S FF 09108 66399,10S 609107 4066398
230,2,10SFF0904366297,117LP33,DJPG1327844168,10S FF 09043 66297,10S 609042 4066296
231,2,10SFF0900266244,117LP33,DJPG1325044140,10S FF 09002 66244,10S 609002 4066243
232,2,10SFF0896666198,117LP33,DJPG1322544115,10S FF 08966 66198,10S 608965 4066197
233,2,10SFF0878665983,117LP33,DJPG1310244000,10S FF 08786 65983,10S 608785 4065982
234,2,10SFF0868765865,117LP33,DJPG1303543937,10S FF 08687 65865,10S 608686 4065865
235,2,10SFF0866565840,117LP33,DJPG1302043923,10S FF 08665 65840,10S 608665 4065839
236,2,10SFF0861465779,117LP33,DJPG1298543891,10S FF 08614 65779,10S 608613 4065778
237,2,10SFF0846665603,117LP33,DJPG1288443797,10S FF 08466 65603,10S 608465 4065603
238,2,10SFF0839365519,117LP33,DJPG1283543752,10S FF 08393 65519,10S 608393 4065518
239,2,10SFF0832265433,117LP33,DJPG1278643706,10S FF 08322 65433,10S 608321 4065433
240,2,10SFF0827065372,117LP33,DJPG1275043673,10S FF 08270 65372,10S 608269 4065372
241,2,10SFF0824865347,117LP33,DJPG1273643660,10S FF 08248 65347,10S 608248 4065347
242,2,10SFF0819165272,117LP33,DJPG1269643620,10S FF 08191 65272,10S 608190 4065272
243,2,10SFF0813665194,117LP33,DJPG1265943578,10S FF 08136 65194,10S 608136 4065194
244,2,10SFF0808065098,117LP33,DJPG1262143527,10S FF 08080 65098,10S 608080 4065098
245,2,10SFF0801264991,117LP33,DJPG1257443469,10S FF 08012 64991,10S 608012 4064990
246,2,10SFF0798364945,117LP33,DJPG1255443444,10S FF 07983 64945,10S 607982 4064944
247,2,10SFF0795564897,117LP33,DJPG1253543419,10S FF 07955 64897,10S 607954 4064896
248,2,10SFF0793164854,117LP33,DJPG1251943396,10S FF 07931 64854,10S 607930 4064854
249,2,10SFF0792564850,117LP33,DJPG1251543393,10S FF 07925 64850,10S 607925 4064849
250,2,10SFF0791664827,117LP33,DJPG1250943381,10S FF 07916 64827,10S 607916 4064826
251,2,10SFF0790764809,117LP33,DJPG1250243371,10S FF 07907 64809,10S 607907 4064808
252,2,10SFF0787364739,117LP33,DJPG1247843334,10S FF 07873 64739,10S 607872 4064738
253,2,10SFF0783564655,117LP33,DJPG1245243288,10S FF 07835 64655,10S 607834 4064654
254,2,10SFF0780264568,117LP33,DJPG1242943242,10S FF 07802 64568,10S 607801 4064567
255,2,10SFF0775864446,117LP33,DJPG1239943176,10S FF 07758 64446,10S 607757 4064446
256,2,10SFF0770864281,117LP33,DJPG1236443087,10S FF 07708 64281,10S 607708 4064281
257,2,10SFF0759363877,117LP33,DJPG1228342869,10S FF 07593 63877,10S 607592 4063876
258,2,10SFF0755563766,117LP33,DJPG1225742810,10S FF 07555 63766,10S 607555 4063765
259,2,10SFF0751063645,117LP33,DJPG1222542744,10S FF 07510 63645,10S 607509 4063644
260,2,10SFF0750363628,117LP33,DJPG1222142735,10S FF 07503 63628,10S 607502 4063627
261,2,10SFF0749663612,117LP33,DJPG1221642727,10S FF 07496 63612,10S 607496 4063611
262,2,10SFF0749563607,117LP33,DJPG1221542724,10S FF 07495 63607,10S 607494 4063606
263,2,10SFF0747863566,117LP33,DJPG1220342702,10S FF 07478 63566,10S 607477 4063565
264,2,10SFF0745163503,117LP33,DJPG1218542668,10S FF 07451 63503,10S 607450 4063502
265,2,10SFF0718662903,117LP33,DJPG1200242345,10S FF 07186 62903,10S 607185 4062902
266,2,10SFF0709962706,117LP33,DJPG1194142239,10S FF 07099 62706,10S 607098 4062705
267,2,10SFF0707462650,117LP33,DJPG1192442209,10S FF 07074 62650,10S 607073 4062649
268,2,10SFF0690862276,117LP33,DJPG1181042008,10S FF 06908 62276,10S 606907 4062276
269,2,10SFF0689862254,117LP33,DJPG1180341996,10S FF 06898 62254,10S 606897 4062253
270,2,10SFF0688862233,117LP33,DJPG1179641985,10S FF 06888 62233,10S 606888 4062232
271,2,10SFF0674661912,117LP33,DJPG1169841813,10S FF 06746 61912,10S 606745 4061912
272,2,10SFF0660861604,117LP33,DJPG1160341647,10S FF 06608 61604,10S 606608 4061604
273,2,10SFF0659961584,117LP33,DJPG1159641636,10S FF 06599 61584,10S 606598 4061583
274,2,10SFF0658261545,117LP33,DJPG1158541615,10S FF 06582 61545,10S 606581 4061545
275,2,10SFF0655061475,117LP33,DJPG1156341578,10S FF 06550 61475,10S 606550 4061475
276,2,10SFF0652561415,117LP33,DJPG1154541545,10S FF 06525 61415,10S 606524 4061414
277,2,10SFF0650061353,117LP33,DJPG1152841512,10S FF 06500 61353,10S 606500 4061353
278,2,10SFF0647161272,117LP33,DJPG1150841468,10S FF 06471 61272,10S 606470 4061271
279,2,10SFF0645461219,117LP33,DJPG1149641440,10S FF 06454 61219,10S 606454 4061218
280,2,10SFF0643461140,117LP33,DJPG1148241397,10S FF 06434 61140,10S 606434 4061140
281,2,10SFF0642161076,117LP33,DJPG1147341362,10S FF 06421 61076,10S 606421 4061075
282,2,10SFF0641061004,117LP33,DJPG1146441324,10S FF 06410 61004,10S 606409 4061003
283,2,10SFF0640660970,117LP33,DJPG1146241305,10S FF 06406 60970,10S 606405 4060969
284,2,10SFF0640260938,117LP33,DJPG1145941288,10S FF 06402 60938,10S 606402 4060938
285,2,10SFF0639960893,117LP33,DJPG1145641264,10S FF 06399 60893,10S 606398 4060892
286,2,10SFF0639760847,117LP33,DJPG1145541239,10S FF 06397 60847,10S 606396 4060847
287,2,10SFF0639660766,117LP33,DJPG1145441195,10S FF 06396 60766,10S 606396 4060766
288,2,10SFF0640060695,117LP33,DJPG1145541157,10S FF 06400 60695,10S 606399 4060695
289,2,10SFF0640560630,117LP33,DJPG1145841121,10S FF 06405 60630,10S 606405 4060629
290,2,10SFF0641760544,117LP33,DJPG1146641075,10S FF 06417 60544,10S 606417 4060544
291,2,10SFF0643060475,117LP33,DJPG1147441037,10S FF 06430 60475,10S 606430 4060474
292,2,10SFF0645160391,117LP33,DJPG1148740992,10S FF 06451 60391,10S 606450 4060390
293,2,10SFF0648560258,117LP33,DJPG1150940920,10S FF 06485 60258,10S 606484 4060257
294,2,10SFF0650560176,117LP33,DJPG1152240875,10S FF 06505 60176,10S 606505 4060175
295,2,10SFF0651260143,117LP33,DJPG1152640858,10S FF 06512 60143,10S 606512 4060143
296,2,10SFF0651560130,117LP33,DJPG1152840851,10S FF 06515 60130,10S 606515 4060130
297,2,10SFF0652260089,117LP33,DJPG1153240828,10S FF 06522 60089,10S 606522 4060089
298,2,10SFF0653160017,117LP33,DJPG1153840789,10S FF 06531 60017,10S 606530 4060017
299,2,10SFF0653459965,117LP33,DJPG1153940761,10S FF 06534 59965,10S 606534 4059965
300,2,10SFF0653359927,117LP33,DJPG1153940741,10S FF 06533 59927,10S 606533 4059926
301,2,10SFF0653359909,117LP33,DJPG1153840731,10S FF 06533 59909,10S 606532 4059908
302,2,10SFF0653059854,117LP33,DJPG1153540701,10S FF 06530 59854,10S 606529 4059853
303,2,10SFF0652959850,117LP33,DJPG1153540699,10S FF 06529 59850,10S 606528 4059849
304,2,10SFF0651759781,117LP33,DJPG1152640662,10S FF 06517 59781,10S 606516 4059781
305,2,10SFF0651059751,117LP33,DJPG1152240645,10S FF 06510 59751,10S 606510 4059750
306,2,10SFF0650059711,117LP33,DJPG1151440624,10S FF 06500 59711,10S 606500 4059710
307,2,10SFF0648859671,117LP33,DJPG1150640603,10S FF 06488 59671,10S 606487 4059671
308,2,10SFF0647259626,117LP33,DJPG1149540578,10S FF 06472 59626,10S 606471 4059626
309,2,10SFF0645059574,117LP33,DJPG1147940550,10S FF 06450 59574,10S 606449 4059573
310,2,10SFF0641459507,117LP33,DJPG1145540514,10S FF 06414 59507,10S 606413 4059506
311,2,10SFF0638659460,117LP33,DJPG1143640489,10S FF 06386 59460,10S 606386 4059460
312,2,10SFF0635859417,117LP33,DJPG1141640466,10S FF 06358 59417,10S 606357 4059416
313,2,10SFF0632859375,117LP33,DJPG1139640443,10S FF 06328 59375,10S 606327 4059374
314,2,10SFF0628259313,117LP33,DJPG1136440410,10S FF 06282 59313,10S 606281 4059313
315,2,10SFF0624959266,117LP33,DJPG1134240385,10S FF 06249 59266,10S 606249 4059266
316,2,10SFF0623459241,117LP33,DJPG1133240372,10S FF 06234 59241,10S 606233 4059240
317,2,10SFF0622559226,117LP33,DJPG1132640364,10S FF 06225 59226,10S 606225 4059226
318,2,10SFF0620759192,117LP33,DJPG1131340345,10S FF 06207 59192,10S 606206 4059191
319,2,10SFF0615859087,117LP33,DJPG1127940289,10S FF 06158 59087,10S 606157 4059086
320,2,10SFF0606058871,117LP33,DJPG1121240173,10S FF 06060 58871,10S 606059 4058871
321,2,10SFF0602058779,117LP33,DJPG1118440123,10S FF 06020 58779,10S 606019 4058779
322,2,10SFF0600458742,117LP33,DJPG1117340103,10S FF 06004 58742,10S 606003 4058742
323,2,10SFF0593658598,117LP33,DJPG1112740026,10S FF 05936 58598,10S 605936 4058597
324,2,10SFF0592658575,117LP33,DJPG1111940014,10S FF 05926 58575,10S 605925 4058575
325,2,10SFF0589758514,117LP36,DJPG1110039981,10S FF 05897 58514,10S 605897 4058513
326,2,10SFF0587158448,117LP36,DJPG1108139945,10S FF 05871 58448,10S 605870 4058447
327,2,10SFF0584958385,117LP36,DJPG1106639911,10S FF 05849 58385,10S 605849 4058384
328,2,10SFF0583158321,117LP36,DJPG1105439877,10S FF 05831 58321,10S 605831 4058320
329,2,10SFF0578658119,117LP36,DJPG1102239768,10S FF 05786 58119,10S 605786 4058119
330,2,10SFF0578358100,117LP36,DJPG1101939757,10S FF 05783 58100,10S 605782 4058099
331,2,10SFF0577758064,117LP36,DJPG1101539738,10S FF 05777 58064,10S 605777 4058064
332,2,10SFF0577458034,117LP36,DJPG1101339722,10S FF 05774 58034,10S 605773 4058033
333,2,10SFF0577057967,117LP36,DJPG1101039685,10S FF 05770 57967,10S 605769 4057966
334,2,10SFF0574857536,117LP36,DJPG1099139453,10S FF 05748 57536,10S 605747 4057535
335,2,10SFF0574857464,117LP36,DJPG1099139414,10S FF 05748 57464,10S 605748 4057464
336,2,10SFF0575357388,117LP36,DJPG1099439373,10S FF 05753 57388,10S 605753 4057387
337,2,10SFF0575957337,117LP36,DJPG1099739345,10S FF 05759 57337,10S 605758 4057336
338,2,10SFF0576757281,117LP36,DJPG1100239315,10S FF 05767 57281,10S 605766 4057281
339,2,10SFF0577757230,117LP36,DJPG1100839287,10S FF 05777 57230,10S 605776 4057230
340,2,10SFF0579157171,117LP36,DJPG1101739255,10S FF 05791 57171,10S 605790 4057170
341,2,10SFF0581057102,117LP36,DJPG1102939218,10S FF 05810 57102,10S 605809 4057101
342,2,10SFF0582457058,117LP36,DJPG1103839194,10S FF 05824 57058,10S 605823 4057057
343,2,10SFF0585756970,117LP36,DJPG1106039146,10S FF 05857 56970,10S 605856 4056970
344,2,10SFF0588556896,117LP36,DJPG1107839106,10S FF 05885 56896,10S 605884 4056895
345,2,10SFF0589956852,117LP36,DJPG1108739082,10S FF 05899 56852,10S 605899 4056852
346,2,10SFF0591056813,117LP36,DJPG1109439061,10S FF 05910 56813,10S 605910 4056813
347,2,10SFF0591256804,117LP36,DJPG1109639056,10S FF 05912 56804,10S 605912 4056803
348,2,10SFF0591656785,117LP36,DJPG1109839045,10S FF 05916 56785,10S 605916 4056784
349,2,10SFF0592156752,117LP36,DJPG1110139028,10S FF 05921 56752,10S 605921 4056752
350,2,10SFF0592556708,117LP36,DJPG1110339004,10S FF 05925 56708,10S 605924 4056708
351,2,10SFF0592456666,117LP36,DJPG1110338981,10S FF 05924 56666,10S 605924 4056665
352,2,10SFF0592256629,117LP36,DJPG1110138961,10S FF 05922 56629,10S 605921 4056629
353,2,10SFF0592256601,117LP36,DJPG1110138946,10S FF 05922 56601,10S 605922 4056600
354,2,10SFF0591656565,117LP36,DJPG1109638927,10S FF 05916 56565,10S 605915 4056564
355,2,10SFF0590856533,117LP36,DJPG1109138909,10S FF 05908 56533,10S 605908 4056532
356,2,10SFF0589856498,117LP36,DJPG1108438890,10S FF 05898 56498,10S 605898 4056497
357,2,10SFF0589056473,117LP36,DJPG1107838877,10S FF 05890 56473,10S 605889 4056473
358,2,10SFF0588056448,117LP36,DJPG1107138863,10S FF 05880 56448,10S 605879 4056447
359,2,10SFF0587656439,117LP36,DJPG1106838859,10S FF 05876 56439,10S 605876 4056439
360,2,10SFF0586956423,117LP36,DJPG1106338850,10S FF 05869 56423,10S 605868 4056423
361,2,10SFF0586756419,117LP36,DJPG1106238848,10S FF 05867 56419,10S 605867 4056419
362,2,10SFF0584856380,117LP36,DJPG1104938827,10S FF 05848 56380,10S 605847 4056380
363,2,10SFF0583156352,117LP36,DJPG1103738812,10S FF 05831 56352,10S 605831 4056351
364,2,10SFF0580856318,117LP36,DJPG1102238794,10S FF 05808 56318,10S 605808 4056318
365,2,10SFF0579056296,117LP36,DJPG1100938782,10S FF 05790 56296,10S 605789 4056295
366,2,10SFF0576356265,117LP36,DJPG1099138765,10S FF 05763 56265,10S 605762 4056264
367,2,10SFF0573156234,117LP36,DJPG1097038749,10S FF 05731 56234,10S 605731 4056233
368,2,10SFF0570956214,117LP36,DJPG1095438738,10S FF 05709 56214,10S 605708 4056213
369,2,10SFF0567256185,117LP36,DJPG1092938723,10S FF 05672 56185,10S 605671 4056184
370,2,10SFF0563556160,117LP36,DJPG1090438710,10S FF 05635 56160,10S 605634 4056160
371,2,10SFF0559656138,117LP36,DJPG1087838698,10S FF 05596 56138,10S 605596 4056138
372,2,10SFF0551956102,117LP36,DJPG1082638679,10S FF 05519 56102,10S 605519 4056101
373,2,10SFF0540556052,117LP36,DJPG1074938652,10S FF 05405 56052,10S 605404 4056051
374,2,10SFF0535956028,117LP36,DJPG1071838640,10S FF 05359 56028,10S 605358 4056027
375,2,10SFF0522155952,117LP36,DJPG1062538600,10S FF 05221 55952,10S 605220 4055951
376,2,10SFF0515355908,117LP36,DJPG1057938576,10S FF 05153 55908,10S 605152 4055907
377,2,10SFF0510055868,117LP36,DJPG1054338555,10S FF 05100 55868,10S 605099 4055868
378,2,10SFF0504355822,117LP36,DJPG1050438531,10S FF 05043 55822,10S 605043 4055822
379,2,10SFF0498055767,117LP36,DJPG1046138501,10S FF 04980 55767,10S 604979 4055767
380,2,10SFF0492255711,117LP36,DJPG1042238472,10S FF 04922 55711,10S 604921 4055711
381,2,10SFF0485755646,117LP36,DJPG1037838436,10S FF 04857 55646,10S 604856 4055645
382,2,10SFF0479855579,117LP36,DJPG1033838401,10S FF 04798 55579,10S 604798 4055578
383,2,10SFF0475055518,117LP36,DJPG1030538368,10S FF 04750 55518,10S 604749 4055518
384,2,10SFF0470055453,117LP36,DJPG1027138333,10S FF 04700 55453,10S 604699 4055452
385,2,10SFF0465255381,117LP36,DJPG1023838294,10S FF 04652 55381,10S 604652 4055380
386,2,10SFF0439454996,117LP36,DJPG1006238088,10S FF 04394 54996,10S 604393 4054995
387,2,10SFF0434554927,117LP36,DJPG1002938051,10S FF 04345 54927,10S 604345 4054927
388,2,10SFF0411354609,117LP35,DJPG0987037881,10S FF 04113 54609,10S 604112 4054609
389,2,10SFF0401654481,117LP35,DJPG0980437812,10S FF 04016 54481,10S 604015 4054480
390,2,10SFF0398554440,117LP35,DJPG0978337790,10S FF 03985 54440,10S 603984 4054439
391,2,10SFF0392954363,117LP35,DJPG0974537749,10S FF 03929 54363,10S 603929 4054363
392,2,10SFF0388954299,117LP35,DJPG0971837715,10S FF 03889 54299,10S 603889 4054299
393,2,10SFF0385154227,117LP35,DJPG0969137676,10S FF 03851 54227,10S 603850 4054226
394,2,10SFF0384254208,117LP35,DJPG0968537666,10S FF 03842 54208,10S 603841 4054208
395,2,10SFF0379054099,117LP35,DJPG0965037607,10S FF 03790 54099,10S 603790 4054098
396,2,10SFF0377254058,117LP35,DJPG0963737585,10S FF 03772 54058,10S 603771 4054057
397,2,10SFF0375654030,117LP35,DJPG0962637570,10S FF 03756 54030,10S 603756 4054029
398,2,10SFF0373853996,117LP35,DJPG0961437552,10S FF 03738 53996,10S 603738 4053995
399,2,10SFF0371553960,117LP35,DJPG0959837532,10S FF 03715 53960,10S 603714 4053959
400,2,10SFF0370853949,117LP35,DJPG0959337527,10S FF 03708 53949,10S 603707 4053949
401,2,10SFF0366753905,117LP35,DJPG0956537503,10S FF 03667 53905,10S 603666 4053904
402,2,10SFF0365653895,117LP35,DJPG0955737498,10S FF 03656 53895,10S 603655 4053895
403,2,10SFF0364853889,117LP35,DJPG0955237494,10S FF 03648 53889,10S 603648 4053888
404,2,10SFF0362153865,117LP35,DJPG0953437482,10S FF 03621 53865,10S 603620 4053864
405,2,10SFF0361253858,117LP35,DJPG0952837478,10S FF 03612 53858,10S 603611 4053858
406,2,10SFF0360253851,117LP35,DJPG0952137474,10S FF 03602 53851,10S 603602 4053851
407,2,10SFF0359153843,117LP35,DJPG0951437470,10S FF 03591 53843,10S 603591 4053842
408,2,10SFF0358953841,117LP35,DJPG0951237469,10S FF 03589 53841,10S 603588 4053840
409,2,10SFF0356053822,117LP35,DJPG0949337459,10S FF 03560 53822,10S 603559 4053822
410,2,10SFF0350653790,117LP35,DJPG0945637442,10S FF 03506 53790,10S 603506 4053790
411,2,10SFF0344053760,117LP35,DJPG0941237426,10S FF 03440 53760,10S 603439 4053759
412,2,10SFF0338453732,117LP35,DJPG0937437411,10S FF 03384 53732,10S 603383 4053732
413,2,10SFF0333053699,117LP35,DJPG0933737394,10S FF 03330 53699,10S 603329 4053699
414,2,10SFF0331653688,117LP35,DJPG0932837388,10S FF 03316 53688,10S 603315 4053687
415,2,10SFF0330253676,117LP35,DJPG0931837381,10S FF 03302 53676,10S 603301 4053675
416,2,10SFF0327553654,117LP35,DJPG0930037370,10S FF 03275 53654,10S 603275 4053653
417,2,10SFF0323153611,117LP35,DJPG0927037347,10S FF 03231 53611,10S 603230 4053610
418,2,10SFF0319353557,117LP35,DJPG0924437318,10S FF 03193 53557,10S 603192 4053556
419,2,10SFF0315953499,117LP35,DJPG0922137287,10S FF 03159 53499,10S 603158 4053499
420,2,10SFF0309053358,117LP35,DJPG0917437211,10S FF 03090 53358,10S 603090 4053358
421,2,10SFF0307053314,117LP35,DJPG0916037187,10S FF 03070 53314,10S 603070 4053314
422,2,10SFF0293353097,117LP35,DJPG0906637071,10S FF 02933 53097,10S 602933 4053096
423,2,10SFF0282952941,117LP35,DJPG0899536987,10S FF 02829 52941,10S 602829 4052940
424,2,10SFF0275952840,117LP35,DJPG0894736933,10S FF 02759 52840,10S 602758 4052840
425,2,10SFF0268752765,117LP35,DJPG0889936893,10S FF 02687 52765,10S 602687 4052764
426,2,10SFF0264552722,117LP35,DJPG0887036870,10S FF 02645 52722,10S 602644 4052721
427,2,10SFF0262852705,117LP35,DJPG0885936861,10S FF 02628 52705,10S 602628 4052704
428,2,10SFF0251752589,117LP35,DJPG0878336799,10S FF 02517 52589,10S 602516 4052588
429,2,10SFF0247552545,117LP35,DJPG0875536775,10S FF 02475 52545,10S 602475 4052544
430,2,10SFF0243652504,117LP35,DJPG0872836753,10S FF 02436 52504,10S 602436 4052503
431,2,10SFF0241352479,117LP35,DJPG0871236740,10S FF 02413 52479,10S 602412 4052478
432,2,10SFF0239052457,117LP35,DJPG0869736728,10S FF 02390 52457,10S 602389 4052457
433,2,10SFF0238252449,117LP35,DJPG0869136724,10S FF 02382 52449,10S 602381 4052449
434,2,10SFF0234552415,117LP35,DJPG0866636706,10S FF 02345 52415,10S 602345 4052414
435,2,10SFF0226352347,117LP35,DJPG0861136669,10S FF 02263 52347,10S 602262 4052346
436,2,10SFF0214252256,117LP35,DJPG0852936621,10S FF 02142 52256,10S 602142 4052256
437,2,10SFF0206152195,117LP35,DJPG0847436589,10S FF 02061 52195,10S 602061 4052195
438,2,10SFF0202952169,117LP35,DJPG0845236575,10S FF 02029 52169,10S 602029 4052168
439,2,10SFF0199752135,117LP35,DJPG0843136557,10S FF 01997 52135,10S 601997 4052135
440,2,10SFF0197452109,117LP35,DJPG0841536542,10S FF 01974 52109,10S 601973 4052108
441,2,10SFF0195552087,117LP35,DJPG0840236531,10S FF 01955 52087,10S 601954 4052086
442,2,10SFF0192452041,117LP35,DJPG0838136506,10S FF 01924 52041,10S 601924 4052040
443,2,10SFF0190051993,117LP35,DJPG0836436481,10S FF 01900 51993,10S 601899 4051993
444,2,10SFF0188051935,117LP35,DJPG0835036449,10S FF 01880 51935,10S 601879 4051934
445,2,10SFF0187651920,117LP35,DJPG0834836441,10S FF 01876 51920,10S 601875 4051919
446,2,10SFF0187151900,117LP35,DJPG0834436430,10S FF 01871 51900,10S 601870 4051900
447,2,10SFF0186651881,117LP35,DJPG0834136420,10S FF 01866 51881,10S 601865 4051880
448,2,10SFF0185751819,117LP35,DJPG0833436387,10S FF 01857 51819,10S 601856 4051818
449,2,10SFF0185051698,117LP35,DJPG0832936321,10S FF 01850 51698,10S 601850 4051698
450,2,10SFF0184751621,117LP35,DJPG0832636280,10S FF 01847 51621,10S 601847 4051621
451,2,10SFF0184751603,117LP35,DJPG0832536270,10S FF 01847 51603,10S 601846 4051602
452,2,10SFF0184651586,117LP35,DJPG0832536261,10S FF 01846 51586,10S 601845 4051586
453,2,10SFF0184451561,117LP35,DJPG0832336247,10S FF 01844 51561,10S 601843 4051561
454,2,10SFF0184151534,117LP35,DJPG0832136232,10S FF 01841 51534,10S 601840 4051533
455,2,10SFF0183451488,117LP35,DJPG0831636208,10S FF 01834 51488,10S 601833 4051487
456,2,10SFF0181851426,117LP35,DJPG0830536175,10S FF 01818 51426,10S 601818 4051426
457,2,10SFF0179551359,117LP35,DJPG0828936138,10S FF 01795 51359,10S 601794 4051359
458,2,10SFF0177351319,117LP35,DJPG0827436117,10S FF 01773 51319,10S 601773 4051319
459,2,10SFF0176751310,117LP35,DJPG0827036112,10S FF 01767 51310,10S 601766 4051309
460,2,10SFF0175851296,117LP35,DJPG0826436104,10S FF 01758 51296,10S 601758 4051295
461,2,10SFF0172351239,117LP35,DJPG0823936074,10S FF 01723 51239,10S 601722 4051239
462,2,10SFF0165851144,117LP35,DJPG0819536023,10S FF 01658 51144,10S 601657 4051144
463,2,10SFF0155350992,117LP35,DJPG0812435941,10S FF 01553 50992,10S 601553 4050991
464,2,10SFF0142650805,117LP35,DJPG0803735841,10S FF 01426 50805,10S 601425 4050805
465,2,10SFF0139350758,117LP35,DJPG0801535816,10S FF 01393 50758,10S 601393 4050757
466,2,10SFF0136850720,117LP35,DJPG0799735796,10S FF 01368 50720,10S 601367 4050720
467,2,10SFF0133450680,117LP35,DJPG0797535774,10S FF 01334 50680,10S 601334 4050679
468,2,10SFF0129550637,117LP35,DJPG0794835751,10S FF 01295 50637,10S 601294 4050636
469,2,10SFF0128950630,117LP35,DJPG0794435747,10S FF 01289 50630,10S 601289 4050629
470,2,10SFF0127950620,117LP35,DJPG0793735742,10S FF 01279 50620,10S 601278 4050619
471,2,10SFF0126750610,117LP35,DJPG0792935736,10S FF 01267 50610,10S 601267 4050609
472,2,10SFF0124750592,117LP35,DJPG0791535727,10S FF 01247 50592,10S 601246 4050592
473,2,10SFF0122550576,117LP35,DJPG0790135718,10S FF 01225 50576,10S 601225 4050576
474,2,10SFF0120950565,117LP35,DJPG0788935713,10S FF 01209 50565,10S 601208 4050565
475,2,10SFF0120250561,117LP35,DJPG0788535710,10S FF 01202 50561,10S 601201 4050561
476,2,10SFF0118850552,117LP35,DJPG0787535706,10S FF 01188 50552,10S 601187 4050551
477,2,10SFF0114050526,117LP35,DJPG0784335692,10S FF 01140 50526,10S 601140 4050525
478,2,10SFF0111950516,117LP35,DJPG0782935687,10S FF 01119 50516,10S 601119 4050515
479,2,10SFF0108750501,117LP35,DJPG0780735679,10S FF 01087 50501,10S 601086 4050501
480,2,10SFF0102950481,117LP35,DJPG0776835668,10S FF 01029 50481,10S 601028 4050481
481,2,10SFF0094650462,117LP35,DJPG0771335659,10S FF 00946 50462,10S 600946 4050462
482,2,10SFF0091750456,117LP35,DJPG0769335656,10S FF 00917 50456,10S 600916 4050456
483,2,10SFF0087150447,117LP35,DJPG0766235651,10S FF 00871 50447,10S 600870 4050447
484,2,10SFF0081750438,117LP35,DJPG0762635647,10S FF 00817 50438,10S 600816 4050438
485,2,10SFF0079850435,117LP35,DJPG0761335645,10S FF 00798 50435,10S 600798 4050435
486,2,10SFF0065550404,117LP35,DJPG0751735629,10S FF 00655 50404,10S 600654 4050404
487,2,10SFF0056150384,117LP35,DJPG0745435619,10S FF 00561 50384,10S 600561 4050383
488,2,10SFF0048850364,117LP35,DJPG0740435608,10S FF 00488 50364,10S 600487 4050363
489,2,10SFF0042850346,117LP35,DJPG0736435599,10S FF 00428 50346,10S 600428 4050346
490,2,10SFF0041550342,117LP35,DJPG0735535597,10S FF 00415 50342,10S 600414 4050342
491,2,10SFF0036250322,117LP35,DJPG0732035586,10S FF 00362 50322,10S 600362 4050321
492,2,10SFF0034450314,117LP35,DJPG0730835583,10S FF 00344 50314,10S 600343 4050314
493,2,10SFF0030750297,117LP35,DJPG0728335573,10S FF 00307 50297,10S 600306 4050297
494,2,10SFF0027850278,117LP35,DJPG0726335563,10S FF 00278 50278,10S 600277 4050277
495,2,10SFF0021750231,117LP35,DJPG0722235538,10S FF 00217 50231,10S 600217 4050231
496,2,10SFF0020250217,117LP35,DJPG0721235531,10S FF 00202 50217,10S 600201 4050217
497,2,10SFF0018950203,117LP35,DJPG0720335523,10S FF 00189 50203,10S 600189 4050203
498,2,10SFF0018650200,117LP35,DJPG0720035521,10S FF 00186 50200,10S 600185 4050199
499,2,10SFF0018250196,117LP35,DJPG0719835519,10S FF 00182 50196,10S 600182 4050195
500,2,10SFF0016050171,117LP35,DJPG0718335506,10S FF 00160 50171,10S 600160 4050170
501,2,10SFF0014350151,117LP35,DJPG0717235496,10S FF 00143 50151,10S 600143 4050151
502,2,10SFF0012850134,117LP35,DJPG0716135487,10S FF 00128 50134,10S 600128 4050134
503,2,10SFF0011650119,117LP35,DJPG0715335478,10S FF 00116 50119,10S 600115 4050118
504,2,10SFF0009650091,117LP35,DJPG0714035463,10S FF 00096 50091,10S 600096 4050090
505,2,10SFF0007850053,117LP35,DJPG0712735443,10S FF 00078 50053,10S 600077 4050052
506,2,10SFF0004649984,117LP35,DJPG0710535406,10S FF 00046 49984,10S 600046 4049983
507,2,10SFF0003649954,117LP35,DJPG0709835389,10S FF 00036 49954,10S 600036 4049953
508,2,10SFF0002649911,117LP35,DJPG0709135366,10S FF 00026 49911,10S 600025 4049910
509,2,10SFF0001649872,117LP35,DJPG0708435345,10S FF 00016 49872,10S 600016 4049872
510,2,10SFF0000449838,117LP35,DJPG0707635327,10S FF 00004 49838,10S 600004 4049837
511,2,10SEF9999749819,117LP35,DJPG0707135317,10S EF 99997 49819,10S 599996 4049818
512,2,10SEF9999649810,117LP35,DJPG0707035312,10S EF 99996 49810,10S 599995 4049810
513,2,10SEF9997449736,117LP35,DJPG0705535272,10S EF 99974 49736,10S 599974 4049736
514,2,10SEF9994949667,117LP35,DJPG0703835235,10S EF 99949 49667,10S 599948 4049667
515,2,10SEF9992349613,117LP35,DJPG0702035206,10S EF 99923 49613,10S 599923 4049612
516,2,10SEF9988049546,117LP35,DJPG0699135170,10S EF 99880 49546,10S 599880 4049545
517,2,10SEF9983549490,117LP35,DJPG0696035140,10S EF 99835 49490,10S 599834 4049490
518,2,10SEF9978949443,117LP35,DJPG0692835115,10S EF 99789 49443,10S 599788 4049443
519,2,10SEF9972949392,117LP35,DJPG0688835088,10S EF 99729 49392,10S 599728 4049392
520,2,10SEF9965649343,117LP35,DJPG0683835062,10S EF 99656 49343,10S 599655 4049343
521,2,10SEF9958749314,117LP35,DJPG0679235046,10S EF 99587 49314,10S 599587 4049313
522,2,10SEF9953449293,117LP35,DJPG0675735035,10S EF 99534 49293,10S 599534 4049293
523,2,10SEF9949349284,117LP35,DJPG0672935031,10S EF 99493 49284,10S 599493 4049284
524,2,10SEF9940949268,117LP35,DJPG0667335022,10S EF 99409 49268,10S 599409 4049267
525,2,10SEF9918749223,117LP38,DJPG0652334999,10S EF 99187 49223,10S 599186 4049222
526,2,10SEF9881249147,117LP38,DJPG0627134961,10S EF 98812 49147,10S 598811 4049146
527,2,10SEF9863449106,117LP38,DJPG0615234940,10S EF 98634 49106,10S 598634 4049105
528,2,10SEF9856849101,117LP38,DJPG0610734937,10S EF 98568 49101,10S 598567 4049100
529,2,10SEF9853149094,117LP38,DJPG0608334934,10S EF 98531 49094,10S 598531 4049094
530,2,10SEF9844049076,117LP38,DJPG0602134925,10S EF 98440 49076,10S 598440 4049076
531,2,10SEF9838549066,117LP38,DJPG0598434919,10S EF 98385 49066,10S 598385 4049065
532,2,10SEF9829049037,117LP38,DJPG0592034904,10S EF 98290 49037,10S 598289 4049036
533,2,10SEF9823749010,117LP38,DJPG0588434890,10S EF 98237 49010,10S 598236 4049009
534,2,10SEF9817348976,117LP38,DJPG0584134872,10S EF 98173 48976,10S 598173 4048975
535,2,10SEF9812948945,117LP38,DJPG0581234856,10S EF 98129 48945,10S 598129 4048944
536,2,10SEF9810248922,117LP38,DJPG0579334843,10S EF 98102 48922,10S 598101 4048921
537,2,10SEF9804248874,117LP38,DJPG0575334818,10S EF 98042 48874,10S 598042 4048873
538,2,10SEF9783948718,117LP38,DJPG0561534735,10S EF 97839 48718,10S 597838 4048718
539,2,10SEF9778148675,117LP38,DJPG0557634712,10S EF 97781 48675,10S 597781 4048674
540,2,10SEF9766648585,117LP38,DJPG0549834664,10S EF 97666 48585,10S 597665 4048584
541,2,10SEF9754548492,117LP38,DJPG0541734614,10S EF 97545 48492,10S 597545 4048491
542,2,10SEF9746048427,117LP38,DJPG0535934580,10S EF 97460 48427,10S 597459 4048427
543,2,10SEF9742548399,117LP38,DJPG0533634565,10S EF 97425 48399,10S 597425 4048398
544,2,10SEF9739348369,117LP38,DJPG0531434549,10S EF 97393 48369,10S 597392 4048369
545,2,10SEF9737048346,117LP38,DJPG0529834537,10S EF 97370 48346,10S 597370 4048346
546,2,10SEF9736148335,117LP38,DJPG0529234531,10S EF 97361 48335,10S 597361 4048335
547,2,10SEF9734548317,117LP38,DJPG0528134521,10S EF 97345 48317,10S 597345 4048317
548,2,10SEF9732448286,117LP38,DJPG0526734504,10S EF 97324 48286,10S 597323 4048286
549,2,10SEF9731248267,117LP38,DJPG0525834494,10S EF 97312 48267,10S 597311 4048266
550,2,10SEF9730648255,117LP38,DJPG0525534488,10S EF 97306 48255,10S 597306 4048255
551,2,10SEF9730148245,117LP38,DJPG0525134482,10S EF 97301 48245,10S 597301 4048245
552,2,10SEF9728748220,117LP38,DJPG0524134469,10S EF 97287 48220,10S 597287 4048219
553,2,10SEF9728148208,117LP38,DJPG0523834462,10S EF 97281 48208,10S 597281 4048207
554,2,10SEF9727648194,117LP38,DJPG0523434455,10S EF 97276 48194,10S 597276 4048193
555,2,10SEF9726448147,117LP38,DJPG0522634430,10S EF 97264 48147,10S 597264 4048147
556,2,10SEF9725448103,117LP38,DJPG0521934406,10S EF 97254 48103,10S 597254 4048103
557,2,10SEF9725048073,117LP38,DJPG0521534389,10S EF 97250 48073,10S 597249 4048072
558,2,10SEF9724648048,117LP38,DJPG0521334376,10S EF 97246 48048,10S 597246 4048047
559,2,10SEF9725247956,117LP38,DJPG0521634326,10S EF 97252 47956,10S 597252 4047955
560,2,10SEF9725347948,117LP38,DJPG0521734322,10S EF 97253 47948,10S 597253 4047948
561,2,10SEF9728647677,117LP38,DJPG0523734175,10S EF 97286 47677,10S 597286 4047676
562,2,10SEF9728847563,117LP38,DJPG0523734114,10S EF 97288 47563,10S 597287 4047563
563,2,10SEF9728947519,117LP38,DJPG0523734090,10S EF 97289 47519,10S 597288 4047518
564,2,10SEF9728647479,117LP38,DJPG0523534068,10S EF 97286 47479,10S 597286 4047478
